enola.bedard,
kasinger_family,
thecampisis,
sammysteads,
itsbrendas,
vansecoo,
_thescottfamily,
marriedwithflaws,
sterlingtorress,
realryanpoulin,
marcus_addison,
treyg9,
hannan_abdallah,
philipandmskk,
ljaggerl,
occhiropractor,
crazyjd20,
alixandstephen,
nadineabdallah_,
codells,
joshnasar,
florina_toma,
elvinmensah,
prankmecomedy,
tcezy,
semkavkvadrate,
dannydamianphoto,
latestlucas,
itschelsiedevillle,
younglawyer,
jadeemoniquee,
charlesandallie,
christina.and.the.dane,
letizia.melissa,
avemoves,
johnyonthestreet,
raynavallandingham,
makwaters,
biagiolazaric,
theblondebrewer,
annmarie.mm,
abdi_films,
tkdance2,
dezzisaenz,
inigal,
bronxsistas,
haleyndavante,
cassiilva,
calebrownn,
itzslavik,
nianaguerrero,
sjbleau,
cadel_06,
rubyellahoodd,
rylenbesler,
chloekleiner,
imdunndrawing,
bolek_3d,
caricatureparty,
davidprinceofficial,
daniel.labelle,
gagirardi,
lilihayes,
itschachigonzales,
miichaelltran,
bethanneep,
sierraandtori,
guacbowly,
yasxnip,
madisonlisa_ann,
jennifermika_,
cvnela,
calebnandrea,
kalilasorayaa,
ladbible,
lllanthony,
blissedhappiness,
spangerlookrey,
di1araa.s,
benazzzouzz,
printographer1,
mirosh.raw,
lehim1_,
itspolokid,
somethingaboutchickens,
ejecutivoporelmundo,
steven_schapiro,
_milevibes_,
ninisha2002,
zairayzabelleee,
baddydeadpool,
itsjusreal,
isntsaki,
gabbyridez,
linds.zx10r,
nessa.moto,
m0t0moe,
sukimarquez1,
parnisha.gg,
imxn.r7,
motomartini,
calvinstylzz,
kawasalii,
zx6riderr,
shyfly.r7,
ferscarro,
amycatvaughan,
zx10rhunter,
nickand_sarah,
motomenacee,
kawadvcki,
krispy.moto,
cam_evox,
rex.havoc,
lamotogirl,
mikki.usa,
motosakii,
willkiddhill,
sister6spd,
tata.topuria,
tiusajaia,
bikerslife05,
jays_rides,
emilylylylyyyy,
tsumi11,
ally.yzf,
chaotic_vixenn,
samantha_long_,
ghost.racing,
tigressassassin,
motobreww,
outrunangels,
therealjordangrace,
heror1der,
alina.httxp,
shinobi_r7,
cruzingarage,
motolounge,
maddyalivia,
snackbandits,
thes1kdemon,
_apeflex,
im_lobotomized,
irearmass,
berkleyx6,
kawa_mahalia,
mini.moto_,
vanta_ryder,
